{
  "id": "bd98b0b8-c258-4cf9-9b19-990ecdb3135f",
  "revision": 0,
  "last_node_id": 32,
  "last_link_id": 57,
  "nodes": [
    {
      "id": 9,
      "type": "VHS_VideoCombine",
      "pos": [
        -1019.152827945535,
        129.67457289766946
      ],
      "size": [
        228.7114683974122,
        659.7462439353752
      ],
      "flags": {},
      "order": 7,
      "mode": 0,
      "inputs": [
        {
          "label": "图像",
          "name": "images",
          "type": "IMAGE",
          "link": 54
        },
        {
          "label": "音频",
          "name": "audio",
          "shape": 7,
          "type": "AUDIO",
          "link": null
        },
        {
          "label": "批次管理",
          "name": "meta_batch",
          "shape": 7,
          "type": "VHS_BatchManager",
          "link": null
        },
        {
          "label": "vae",
          "name": "vae",
          "shape": 7,
          "type": "VAE",
          "link": null
        },
        {
          "label": "frame_rate",
          "name": "frame_rate",
          "type": "FLOAT",
          "widget": {
            "name": "frame_rate"
          },
          "link": null
        },
        {
          "label": "loop_count",
          "name": "loop_count",
          "type": "INT",
          "widget": {
            "name": "loop_count"
          },
          "link": null
        },
        {
          "label": "filename_prefix",
          "name": "filename_prefix",
          "type": "STRING",
          "widget": {
            "name": "filename_prefix"
          },
          "link": null
        },
        {
          "label": "format",
          "name": "format",
          "type": "COMBO",
          "widget": {
            "name": "format"
          },
          "link": null
        },
        {
          "label": "pingpong",
          "name": "pingpong",
          "type": "BOOLEAN",
          "widget": {
            "name": "pingpong"
          },
          "link": null
        },
        {
          "label": "save_output",
          "name": "save_output",
          "type": "BOOLEAN",
          "widget": {
            "name": "save_output"
          },
          "link": null
        }
      ],
      "outputs": [
        {
          "label": "文件名",
          "name": "Filenames",
          "type": "VHS_FILENAMES"
        }
      ],
      "properties": {
        "cnr_id": "comfyui-videohelpersuite",
        "ver": "0a75c7958fe320efcb052f1d9f8451fd20c730a8",
        "Node name for S&R": "VHS_VideoCombine",
        "widget_ue_connectable": {}
      },
      "widgets_values": {
        "frame_rate": 25,
        "loop_count": 0,
        "filename_prefix": "Pose",
        "format": "video/h264-mp4",
        "pix_fmt": "yuv420p",
        "crf": 19,
        "save_metadata": true,
        "trim_to_audio": false,
        "pingpong": false,
        "save_output": true,
        "videopreview": {
          "paused": false,
          "hidden": false,
          "params": {
            "score": "0",
            "filename": "Pose_00004.mp4",
            "workflow": "Pose_00004.png",
            "fullpath": "/root/tangfan/code/ComfyUI/output/Pose_00004.mp4",
            "format": "video/h264-mp4",
            "subfolder": "",
            "label": "Normal",
            "type": "output",
            "frame_rate": 25
          }
        }
      }
    },
    {
      "id": 31,
      "type": "LoadImage",
      "pos": [
        -1680,
        997.581573538817
      ],
      "size": [
        270,
        314.0000000000001
      ],
      "flags": {},
      "order": 0,
      "mode": 0,
      "inputs": [],
      "outputs": [
        {
          "name": "IMAGE",
          "type": "IMAGE",
          "links": [
            56
          ]
        },
        {
          "name": "MASK",
          "type": "MASK",
          "links": null
        }
      ],
      "properties": {
        "cnr_id": "comfy-core",
        "ver": "0.3.76",
        "Node name for S&R": "LoadImage"
      },
      "widgets_values": [
        "a2a.png",
        "image"
      ]
    },
    {
      "id": 29,
      "type": "MultiPersonPoseExtraction",
      "pos": [
        -1340,
        1187.581573538817
      ],
      "size": [
        258.8044855846107,
        46
      ],
      "flags": {},
      "order": 4,
      "mode": 0,
      "inputs": [
        {
          "name": "model",
          "type": "POSEMODEL",
          "link": 55
        },
        {
          "name": "images",
          "type": "IMAGE",
          "link": 56
        }
      ],
      "outputs": [
        {
          "name": "pose_images",
          "type": "IMAGE",
          "links": [
            57
          ]
        }
      ],
      "properties": {
        "Node name for S&R": "MultiPersonPoseExtraction"
      }
    },
    {
      "id": 32,
      "type": "PreviewImage",
      "pos": [
        -960,
        1007.581573538817
      ],
      "size": [
        140,
        246.0000000000001
      ],
      "flags": {},
      "order": 6,
      "mode": 0,
      "inputs": [
        {
          "name": "images",
          "type": "IMAGE",
          "link": 57
        }
      ],
      "outputs": [],
      "properties": {
        "cnr_id": "comfy-core",
        "ver": "0.3.76",
        "Node name for S&R": "PreviewImage"
      },
      "widgets_values": []
    },
    {
      "id": 30,
      "type": "OnnxRuntimeLoader",
      "pos": [
        -1370,
        1017.5815735388171
      ],
      "size": [
        305.1272774813574,
        106
      ],
      "flags": {},
      "order": 1,
      "mode": 0,
      "inputs": [],
      "outputs": [
        {
          "name": "pose_model",
          "type": "POSEMODEL",
          "links": [
            55
          ]
        }
      ],
      "properties": {
        "Node name for S&R": "OnnxRuntimeLoader"
      },
      "widgets_values": [
        "vitpose-l-wholebody.onnx",
        "yolov10m.onnx",
        "CUDAExecutionProvider"
      ]
    },
    {
      "id": 28,
      "type": "MultiPersonPoseExtraction",
      "pos": [
        -1381.8018903316947,
        418.4371769552298
      ],
      "size": [
        258.8044855846107,
        46
      ],
      "flags": {},
      "order": 5,
      "mode": 0,
      "inputs": [
        {
          "name": "model",
          "type": "POSEMODEL",
          "link": 52
        },
        {
          "name": "images",
          "type": "IMAGE",
          "link": 53
        }
      ],
      "outputs": [
        {
          "name": "pose_images",
          "type": "IMAGE",
          "links": [
            54
          ]
        }
      ],
      "properties": {
        "Node name for S&R": "MultiPersonPoseExtraction"
      }
    },
    {
      "id": 8,
      "type": "VHS_LoadVideo",
      "pos": [
        -1701.3460105225436,
        157.35932153080157
      ],
      "size": [
        231.4360900512529,
        691.7585073403309
      ],
      "flags": {},
      "order": 2,
      "mode": 0,
      "inputs": [
        {
          "label": "批次管理",
          "name": "meta_batch",
          "shape": 7,
          "type": "VHS_BatchManager",
          "link": null
        },
        {
          "label": "vae",
          "name": "vae",
          "shape": 7,
          "type": "VAE",
          "link": null
        },
        {
          "label": "video",
          "name": "video",
          "type": "COMBO",
          "widget": {
            "name": "video"
          },
          "link": null
        },
        {
          "label": "force_rate",
          "name": "force_rate",
          "type": "FLOAT",
          "widget": {
            "name": "force_rate"
          },
          "link": null
        },
        {
          "label": "custom_width",
          "name": "custom_width",
          "type": "INT",
          "widget": {
            "name": "custom_width"
          },
          "link": null
        },
        {
          "label": "custom_height",
          "name": "custom_height",
          "type": "INT",
          "widget": {
            "name": "custom_height"
          },
          "link": null
        },
        {
          "label": "frame_load_cap",
          "name": "frame_load_cap",
          "type": "INT",
          "widget": {
            "name": "frame_load_cap"
          },
          "link": null
        },
        {
          "label": "skip_first_frames",
          "name": "skip_first_frames",
          "type": "INT",
          "widget": {
            "name": "skip_first_frames"
          },
          "link": null
        },
        {
          "label": "select_every_nth",
          "name": "select_every_nth",
          "type": "INT",
          "widget": {
            "name": "select_every_nth"
          },
          "link": null
        },
        {
          "label": "format",
          "name": "format",
          "shape": 7,
          "type": "COMBO",
          "widget": {
            "name": "format"
          },
          "link": null
        }
      ],
      "outputs": [
        {
          "label": "图像",
          "name": "IMAGE",
          "type": "IMAGE",
          "links": [
            53
          ]
        },
        {
          "label": "帧计数",
          "name": "frame_count",
          "type": "INT",
          "links": []
        },
        {
          "label": "音频",
          "name": "audio",
          "type": "AUDIO",
          "links": []
        },
        {
          "label": "视频信息",
          "name": "video_info",
          "type": "VHS_VIDEOINFO",
          "links": []
        }
      ],
      "properties": {
        "cnr_id": "comfyui-videohelpersuite",
        "ver": "8550981384301e9bc5bfea83e5c2c75258102593",
        "Node name for S&R": "VHS_LoadVideo",
        "widget_ue_connectable": {}
      },
      "widgets_values": {
        "video": "dance2d.mp4",
        "force_rate": 25,
        "custom_width": 0,
        "custom_height": 0,
        "frame_load_cap": 0,
        "skip_first_frames": 0,
        "select_every_nth": 1,
        "format": "AnimateDiff",
        "choose video to upload": "image",
        "videopreview": {
          "paused": false,
          "hidden": false,
          "params": {
            "custom_height": 832,
            "filename": "dance2d.mp4",
            "force_rate": 25,
            "custom_width": 480,
            "select_every_nth": 1,
            "frame_load_cap": 0,
            "format": "video/mp4",
            "skip_first_frames": 0,
            "type": "input"
          }
        }
      }
    },
    {
      "id": 19,
      "type": "OnnxRuntimeLoader",
      "pos": [
        -1396.842173945943,
        235.21073589150234
      ],
      "size": [
        305.1272774813574,
        106
      ],
      "flags": {},
      "order": 3,
      "mode": 0,
      "inputs": [],
      "outputs": [
        {
          "name": "pose_model",
          "type": "POSEMODEL",
          "links": [
            52
          ]
        }
      ],
      "properties": {
        "Node name for S&R": "OnnxRuntimeLoader"
      },
      "widgets_values": [
        "vitpose-l-wholebody.onnx",
        "yolov10m.onnx",
        "CUDAExecutionProvider"
      ]
    }
  ],
  "links": [
    [
      52,
      19,
      0,
      28,
      0,
      "POSEMODEL"
    ],
    [
      53,
      8,
      0,
      28,
      1,
      "IMAGE"
    ],
    [
      54,
      28,
      0,
      9,
      0,
      "IMAGE"
    ],
    [
      55,
      30,
      0,
      29,
      0,
      "POSEMODEL"
    ],
    [
      56,
      31,
      0,
      29,
      1,
      "IMAGE"
    ],
    [
      57,
      29,
      0,
      32,
      0,
      "IMAGE"
    ]
  ],
  "groups": [
    {
      "id": 1,
      "title": "Video",
      "bounding": [
        -1721.3460105225436,
        45.674572897669464,
        950.9046509744207,
        823.0426104842884
      ],
      "color": "#3f789e",
      "font_size": 24,
      "flags": {}
    },
    {
      "id": 2,
      "title": "Image",
      "bounding": [
        -1700,
        913.581573538817,
        900,
        418
      ],
      "color": "#3f789e",
      "font_size": 24,
      "flags": {}
    }
  ],
  "config": {},
  "extra": {
    "ds": {
      "scale": 0.8769226950000014,
      "offset": [
        2152.9927986022053,
        117.93141937905516
      ]
    },
    "workflowRendererVersion": "LG",
    "ue_links": [],
    "frontendVersion": "1.33.10",
    "VHS_latentpreview": false,
    "VHS_latentpreviewrate": 0,
    "VHS_MetadataImage": true,
    "VHS_KeepIntermediate": true
  },
  "version": 0.4
}